Workbook

Sheet Hyrax
C1: Hyrax (non-zk)
A2: variable | B2: size | C2: commit time(ms) | D2: para commit (ms) | E2: prove time(ms) | F2: verify time(ms) | G2: proof size (KB) | H2: Memory (KB)
A3: 18 | C3: 3802.3 | E3: 33.607 | F3: 34.31 | G3: 16
A4: 19 | C4: =(C3+C5)/2.5 -> 6616.52 | E4: =(E3+E5)/2 -> 56.2535 | F4: =(F3+F5)/2 -> 49.2855 | G4: 24
A5: 20 | B5: =POWER(2,A5) -> 1048576 | C5: 12739 | E5: 78.9 | F5: 64.261 | G5: 32 | H5: 69500
A6: 21 | B6: =POWER(2,A6) -> 2097152 | C6: =(C5+C7)/2.5 -> 23688.4 | E6: =(E5+E7)/2 -> 159.865 | F6: =(F5+F7)/2 -> 92.0055 | G6: 48 | H6: =(H5+H7)/2.5 -> 131800
A7: 22 | B7: =POWER(2,A7) -> 4194304 | C7: 46482 | E7: 240.83 | F7: 119.75 | G7: 64 | H7: 260000
A8: 23 | B8: =POWER(2,A8) -> 8388608 | C8: =(C7+C9)/2.5 -> 100284.8 | E8: =(E6+E7)*4/3 -> 534.26 | F8: =F7*1.5 -> 179.625 | G8: 96 | H8: =(H7+H9)/2.5 -> 515600
A9: 24 | B9: =POWER(2,A9) -> 16777216 | C9: 204230 | E9: =(E7+E8)*4/3 -> 1033.4533 | F9: =(F7+F8)/2.5*2 -> 239.5 | G9: 128 | H9: 1029000
A10: 25 | B10: =POWER(2,A10) -> 33554432 | C10: =(C8+C9)*4/3 -> 406019.73 | E10: =(E8+E9)*4/3 -> 2090.2844 | F10: 378 | G10: =(G9+G11)/2 -> 192 | H10: =(H9+H11)/2.5 -> 2052800
A11: 26 | B11: =POWER(2,A11) -> 67108864 | C11: =(C9+C10)*4/3 -> 813666.31 | E11: =(E9+E10)*4/3 -> 4164.9837 | F11: =F10*1.5 -> 567 | G11: 256 | H11: 4103000
A12: 27 | B12: =POWER(2,A12) -> 134217728 | C12: =(C10+C11)*4/3 -> 1626248.1 | E12: =(E10+E11)*4/3 -> 8340.3575 | F12: 756 | G12: 384 | H12: =(H10+H11)*4/3 -> 8207733.3
A13: 28 | B13: =POWER(2,A13) -> 268435456 | H13: =H12*2 -> 16415467
A14: 29 | B14: =POWER(2,A14) -> 536870912
A15: 30 | B15: =POWER(2,A15) -> 1073741824

Sheet Virgo
C1: Virgo
A2: variable | B2: size | C2: commit time(ms) | D2: prover time (ms) | E2: GKR prover time (ms) | F2: total prover time (ms) | G2: verify time(ms) | H2: GKR verifier time(ms) | I2: total verify time(ms) | J2: proof size (KB) | K2: GKR proof size | L2: total proof size (kB) | M2: Memory (KB) | N2: GKR memory (KB) | O2: total memory | Q2: zk com | R2: zk open | S2: zk total open | T2: zk v | U2: zk total v | V2: zk ps | W2: zk totalpf | X2: prover sac | Y2: verifier sac | Z2: proof size sac
A3: 18 | B3: =POWER(2, A3) -> 262144 | C3: 544 | D3: 4207 | E3: 2590 | F3: =D3+E3 -> 6797 | G3: 1.2319 | H3: 0.231 | I3: =G3+H3 -> 1.4629 | J3: 135 | K3: 41.328 | L3: =J3+K3 -> 176.328 | M3: 971036 | N3: 1929216 | O3: =M3+N3 -> 2900252 | Q3: 3655 | R3: 16923 | S3: =R3+E3 -> 19513 | T3: 1.5336 | U3: =T3+H3 -> 1.7646 | V3: 171 | W3: =K3+V3 -> 212.328 | X3: =((Q3+S3))/(C3+F3) -> 3.1559733 | Y3: =(U3-I3)/I3 -> 0.20623419 | Z3: =(W3-L3)/L3 -> 0.20416497
A4: 19 | B4: =POWER(2, A4) -> 524288 | C4: 1363.5 | D4: 9061 | E4: 5316.2 | F4: =D4+E4 -> 14377.2 | G4: 1.3699 | H4: 0.2545 | I4: =G4+H4 -> 1.6244 | J4: 154 | K4: 45.888 | L4: =J4+K4 -> 199.888 | M4: 1788948 | N4: 3862464 | O4: =M4+N4 -> 5651412 | Q4: 8082 | R4: 36656 | S4: =R4+E4 -> 41972.2 | T4: 1.65 | U4: =T4+H4 -> 1.9045 | V4: 191 | W4: =K4+V4 -> 236.888 | X4: =((Q4+S4))/(C4+F4) -> 3.1799221 | Y4: =(U4-I4)/I4 -> 0.1724329 | Z4: =(W4-L4)/L4 -> 0.18510366
A5: 20 | B5: =POWER(2, A5) -> 1048576 | C5: 2945.5 | D5: 18635 | E5: 10805 | F5: =D5+E5 -> 29440 | G5: 1.4719 | H5: 0.2678 | I5: =G5+H5 -> 1.7397 | J5: 169 | K5: 50.688 | L5: =J5+K5 -> 219.688 | N5: 7738176 | O5: =M5+N5 -> 7738176 | Q5: 16106 | R5: 75442 | S5: =R5+E5 -> 86247 | T5: 1.8175 | U5: =T5+H5 -> 2.0853 | V5: 214 | W5: =K5+V5 -> 264.688 | X5: =((Q5+S5))/(C5+F5) -> 3.1604576 | Y5: =(U5-I5)/I5 -> 0.19865494 | Z5: =(W5-L5)/L5 -> 0.20483595
A6: 21 | B6: =POWER(2, A6) -> 2097152 | C6: 6167.3 | D6: 38658 | E6: 22387 | F6: =D6+E6 -> 61045 | G6: 1.6425 | H6: 0.291 | I6: =G6+H6 -> 1.9335 | J6: 192 | K6: 55.728 | L6: =J6+K6 -> 247.728 | N6: 15504192 | O6: =M6+N6 -> 15504192 | Q6: 31523 | R6: 153320 | S6: =R6+E6 -> 175707 | T6: 1.9835 | U6: =T6+H6 -> 2.2745 | V6: 234 | W6: =K6+V6 -> 289.728 | X6: =((Q6+S6))/(C6+F6) -> 3.0832154 | Y6: =(U6-I6)/I6 -> 0.17636411 | Z6: =(W6-L6)/L6 -> 0.16954079
A7: 22 | B7: =POWER(2, A7) -> 4194304 | C7: 12436 | D7: 77752 | E7: 45581 | F7: =D7+E7 -> 123333 | G7: 1.8047 | H7: 0.305 | I7: =G7+H7 -> 2.1097 | J7: 213 | K7: 61.008 | L7: =J7+K7 -> 274.008 | N7: 31070592 | O7: =M7+N7 -> 31070592 | Q7: 63320 | R7: Can run
A8: 23 | B8: =POWER(2, A8) -> 8388608 | C8: 24663 | E8: Can't run | O8: =M8+N8 -> 0
A9: 24 | B9: =POWER(2, A9) -> 16777216 | C9: 50293 | O9: =M9+N9 -> 0
A10: 25 | B10: =POWER(2, A10) -> 33554432 | C10: Can't run | O10: =M10+N10 -> 0
A11: 26 | B11: =POWER(2, A11) -> 67108864
A12: 27 | B12: =POWER(2, A12) -> 134217728

Sheet PIP_FRI
C1: namefri (poly_num *4, rate = 1/8) | Q1: zk-namefri (poly_num *4, rate = 1/8)
A2: variable | B2: poly_num | C2: commit time(ms) | D2: para commit(ms) rayon | F2: fft parallel commit | G2: prove time(ms) | H2: verify time(ms) | I2: proof size(KB) | J2: Memory (KB) | K2: path | L2: field (KB) | M2: prover | O2: variable | P2: poly_num | Q2: commit time(ms) | R2: prove time(ms) | S2: verify time(ms) | T2: proof size(KB) | U2: path | V2: field (KB) | W2: prover
A3: 18 | B3: 64 | C3: 123.28 | D3: 99.212 | E3: =(C3-D3)/C3 -> 0.19523037 | F3: 114.3 | G3: 55.343 | H3: 1.1373 | I3: 114 | J3: 61000 | K3: 71 | L3: 42 | M3: =C3+G3 -> 178.623 | O3: 18 | P3: 64 | Q3: 277 | R3: 108.75 | S3: 1.3083 | T3: =U3+V3 -> 132 | U3: 88 | V3: 44 | W3: =Q3+R3 -> 385.75 | X3: =(W3-M3)/M3 -> 1.1595763 | Y3: =(S3-H3)/H3 -> 0.15035611 | Z3: =(T3-I3)/I3 -> 0.15789474
A4: 19 | B4: 64 | C4: 247.26 | D4: 203.04 | E4: =(C4-D4)/C4 -> 0.17884009 | F4: 220.11 | G4: 113.73 | H4: 1.2823 | I4: 131 | J4: 124000 | K4: 87 | L4: 43 | M4: =C4+G4 -> 360.99 | O4: 19 | P4: 64 | Q4: 629 | R4: 219.53 | S4: 1.4386 | T4: =U4+V4 -> 153 | U4: 108 | V4: 45 | W4: =Q4+R4 -> 848.53 | X4: =(W4-M4)/M4 -> 1.3505637 | Y4: =(S4-H4)/H4 -> 0.12189035 | Z4: =(T4-I4)/I4 -> 0.16793893
A5: 20 | B5: 64 | C5: 549 | D5: 404.24 | E5: =(C5-D5)/C5 -> 0.26367942 | F5: 419.58 | G5: 231 | H5: 1.5624 | I5: 156 | J5: 216000 | K5: 107 | L5: 45 | M5: =C5+G5 -> 780 | O5: 20 | P5: 64 | Q5: 1326 | R5: 444 | S5: 1.6862 | T5: =U5+V5 -> 175 | U5: 129 | V5: 46 | W5: =Q5+R5 -> 1770 | X5: =(W5-M5)/M5 -> 1.2692308 | Y5: =(S5-H5)/H5 -> 0.079237071 | Z5: =(T5-I5)/I5 -> 0.12179487
A6: 21 | B6: 64 | C6: 1130.5 | D6: 756.98 | E6: =(C6-D6)/C6 -> 0.33040248 | F6: 890.21 | G6: 462.83 | H6: 1.6956 | I6: 176 | J6: 391000 | K6: 133 | L6: 46 | M6: =C6+G6 -> 1593.33 | O6: 21 | P6: 64 | Q6: 2774 | R6: 890 | S6: 1.8459 | T6: =U6+V6 -> 200 | U6: 154 | V6: 46 | W6: =Q6+R6 -> 3664 | X6: =(W6-M6)/M6 -> 1.2995864 | Y6: =(S6-H6)/H6 -> 0.088641189 | Z6: =(T6-I6)/I6 -> 0.13636364
A7: 22 | B7: 64 | C7: 2344 | D7: 1750.1 | E7: =(C7-D7)/C7 -> 0.25337031 | F7: 1962.1 | G7: 936.59 | H7: 1.8722 | I7: 196 | J7: 775496 | K7: 152 | L7: 47 | M7: =C7+G7 -> 3280.59 | O7: 22 | P7: 64 | Q7: 5962 | R7: 1858 | S7: 2.0733 | T7: =U7+V7 -> 229 | U7: 181 | V7: 48 | W7: =Q7+R7 -> 7820 | X7: =(W7-M7)/M7 -> 1.3837176 | Y7: =(S7-H7)/H7 -> 0.10741374 | Z7: =(T7-I7)/I7 -> 0.16836735
A8: 23 | B8: 64 | C8: 4801.7 | D8: 3924.4 | E8: =(C8-D8)/C8 -> 0.18270612 | F8: 4208 | G8: 1846.2 | H8: 2.0844 | I8: 228 | J8: 1539960 | K8: 177 | L8: 48 | M8: =C8+G8 -> 6647.9 | O8: 23 | P8: 64 | Q8: 12428 | R8: 3589 | S8: 2.33 | T8: =U8+V8 -> 257 | U8: 208 | V8: 49 | W8: =Q8+R8 -> 16017 | X8: =(W8-M8)/M8 -> 1.4093323 | Y8: =(S8-H8)/H8 -> 0.11782767 | Z8: =(T8-I8)/I8 -> 0.12719298
A9: 24 | B9: 128 | C9: 9298.6 | D9: 7440.9 | E9: =(C9-D9)/C9 -> 0.19978276 | F9: 7804.6 | G9: 1896.7 | H9: 2.2734 | I9: 262 | J9: 2587916 | K9: 176 | L9: 81 | M9: =C9+G9 -> 11195.3 | O9: 24 | P9: 128 | Q9: 22586 | R9: 3595 | S9: 2.382 | T9: =U9+V9 -> 285 | U9: 203 | V9: 82 | W9: =Q9+R9 -> 26181 | X9: =(W9-M9)/M9 -> 1.3385707 | Y9: =(S9-H9)/H9 -> 0.04776986 | Z9: =(T9-I9)/I9 -> 0.08778626
A10: 25 | B10: 128 | C10: 19117 | D10: 15514 | E10: =(C10-D10)/C10 -> 0.18847099 | F10: 16148 | G10: 3689.3 | H10: 2.3828 | I10: 288 | J10: 5134736 | K10: 208 | L10: 82 | M10: =C10+G10 -> 22806.3 | O10: 25 | P10: 128 | Q10: 51266 | R10: 7200 | S10: 2.7429 | T10: =U10+V10 -> 323 | U10: 239 | V10: 84 | W10: =Q10+R10 -> 58466 | X10: =(W10-M10)/M10 -> 1.5635899 | Y10: =(S10-H10)/H10 -> 0.15112473 | Z10: =(T10-I10)/I10 -> 0.12152778
A11: 26 | B11: 128 | C11: 45648 | D11: 33565 | E11: =(C11-D11)/C11 -> 0.26469944 | G11: 7428.2 | H11: 2.6388 | I11: 324 | J11: 10254748 | K11: 237 | L11: 83 | M11: =C11+G11 -> 53076.2 | O11: 26 | P11: 128 | Q11: 111540 | R11: 14462 | S11: 2.8734 | T11: =U11+V11 -> 349 | U11: 264 | V11: 85 | W11: =Q11+R11 -> 126002 | X11: =(W11-M11)/M11 -> 1.3739831 | Y11: =(S11-H11)/H11 -> 0.088904047 | Z11: =(T11-I11)/I11 -> 0.077160494
A12: 27 | B12: 128 | C12: 99878 | D12: 68558 | E12: =(C12-D12)/C12 -> 0.31358257 | G12: 15361 | H12: 2.8782 | I12: 358 | J12: 20494596 | K12: 270 | L12: 84 | M12: =C12+G12 -> 115239
C15: namefri (poly_num *4, rate = 1/2)
A16: variable | B16: poly_num | C16: commit time(ms) | D16: para commit(ms) rayon | F16: fft parallel commit | G16: prove time(ms) | H16: verify time(ms) | I16: proof size(KB) | J16: Memory (KB) | K16: path | L16: field (KB)
A17: 18 | B17: 64 | C17: 32.18 | G17: 14.085 | H17: 2.0347 | I17: 187 | J17: =SUM(J18:J23)/128 -> 12276.941 | K17: 71 | L17: 115
A18: 19 | B18: 64 | C18: 66.225 | G18: 27.738 | H18: 2.4611 | I18: 226 | J18: =SUM(J19:J22)/32 -> 24999.467 | K18: 105 | L18: 120
A19: 20 | B19: 64 | C19: 147.99 | G19: 55.135 | H19: 2.8542 | I19: 267 | J19: =(J20+SUM(J20:J23))/32 -> 50100.938 | K19: 143 | L19: 124
A20: 21 | B20: 64 | C20: 286.88 | G20: 115.49 | H20: 3.2853 | I20: 309 | J20: =(J21+J22+J23)/13 -> 106882 | K20: 182 | L20: 127
A21: 22 | B21: 64 | C21: 641.07 | G21: 230.93 | H21: 3.7557 | I21: 371 | J21: 217000 | K21: 241 | L21: 130
A22: 23 | B22: 64 | C22: 1310.8 | G22: 464.16 | H22: 4.2806 | I22: 417 | J22: 426000 | K22: 283 | L22: 134
A23: 24 | B23: 128 | C23: 2278.6 | G23: 438.61 | H23: 4.4545 | I23: 530 | J23: 746466 | K23: 296 | L23: 233
A24: 25 | B24: 128 | C24: 4849.5 | G24: 897.89 | H24: 4.9602 | I24: 592 | J24: 1678416 | K24: 355 | L24: 237
A25: 26 | B25: 128 | C25: 10505 | G25: 1808 | H25: 5.5226 | I25: 665 | J25: 3354524 | K25: 424 | L25: 240
A26: 27 | B26: 128 | C26: 23395 | G26: 3703.3 | H26: 6.2371 | I26: 747 | J26: 6691028 | K26: 504 | L26: 243
A27: 28 | B27: 128 | C27: 52713 | G27: 7186.3 | H27: 6.7157 | I27: 825 | J27: 13367364 | K27: 578 | L27: 246
A28: 29 | J28: =J27*2 -> 26734728

Sheet WHIR & STIR
A1: WHIR-1/8-factor2 | F1: WHIR-1/8-factor4
A2: variable | B2: prove time(ms) | C2: verify time(ms) | D2: proof size(KB) | F2: variable | G2: prove time(ms) | H2: verify time(ms) | I2: proof size(KB)
A3: 17 | B3: 401 | C3: 0.709 | D3: 65.7 | F3: 17 | G3: 219 | H3: 0.378 | I3: 38.5
A4: 18 | B4: 836 | C4: 0.784 | D4: 72 | F4: 18 | G4: 475 | H4: 0.398 | I4: 41.3
A5: 19 | B5: 1900 | C5: 0.819 | D5: 78 | F5: 19 | G5: 1100 | H5: 0.416 | I5: 43.1
A6: 20 | B6: 3800 | C6: 0.906 | D6: 84.5 | F6: 20 | G6: 2400 | H6: 0.496 | I6: 47.1
A7: 21 | B7: 8300 | C7: 0.95 | D7: 92.2 | F7: 21 | G7: 5000 | H7: 0.535 | I7: 52.3
A8: 22 | B8: 17700 | C8: 1 | D8: 98.6 | F8: 22 | G8: 10800 | H8: 0.546 | I8: 53.9
A9: 23 | B9: 36000 | C9: 1.1 | D9: 105.6 | F9: 23 | G9: 23000 | H9: 0.572 | I9: 57.4
A10: 24 | B10: 78300 | C10: 1.2 | D10: 112.5 | F10: 24 | G10: 50500 | H10: 0.641 | I10: 61.9
A12: STIR-1/8-factor2 | F12: STIR-1/8-factor8 | K12: STIR-1/8-factor16
A13: variable | B13: prove time(ms) | C13: verify time(ms) | D13: proof size(KB) | F13: variable | G13: prove time(ms) | H13: verify time(ms) | I13: proof size(KB) | K13: variable | L13: prove time(ms) | M13: verify time(ms) | N13: proof size(KB)
A14: 17 | B14: 616 | C14: 1.95 | D14: 153 | F14: 17 | K14: 17 | L14: 218 | M14: 0.48 | N14: 38
A15: 18 | B15: 1256 | C15: 2.15 | D15: 173 | F15: 18 | G15: 585 | H15: 0.52 | I15: 50 | K15: 18
A16: 19 | B16: 2596 | C16: 2.37 | D16: 191 | F16: 19 | G16: 1241 | H16: 0.55 | I16: 55 | K16: 19
A17: 20 | B17: 5318 | C17: 2.56 | D17: 213 | F17: 20 | K17: 20 | L17: 2106 | M17: 0.57 | N17: 51
A18: 21 | B18: 10914 | C18: 2.75 | D18: 235 | F18: 21 | G18: 5502 | H18: 0.62 | I18: 64 | K18: 21 | L18: 4433 | M18: 0.59 | N18: 52
A19: 22 | B19: 22236 | C19: 2.96 | D19: 259 | F19: 22 | G19: 11347 | H19: 0.64 | I19: 68 | K19: 22
A20: 23 | B20: 44892 | C20: 3.18 | D20: 285 | F20: 23 | K20: 23
A21: 24 | B21: 92550 | C21: 3.41 | D21: 310 | F21: 24 | G21: 47935 | H21: 0.7 | I21: 78 | K21: 24 | L21: 40514 | M21: 0.66 | N21: 66
A23: FRI(STIR)-1/8-factor2 | F23: FRI(STIR)-1/8-factor8 | K23: FRI(STIR)-1/8-factor16
A24: variable | B24: prove time(ms) | C24: verify time(ms) | D24: proof size(KB) | F24: variable | G24: prove time(ms) | H24: verify time(ms) | I24: proof size(KB) | K24: variable | L24: prove time(ms) | M24: verify time(ms) | N24: proof size(KB)
A25: 17 | B25: 613 | C25: 0.85 | D25: 153 | F25: 17 | K25: 17 | L25: 177 | M25: 0.275 | N25: 44
A26: 18 | B26: 1247 | C26: 0.96 | D26: 173 | F26: 18 | G26: 420 | H26: 0.35 | I26: 60 | K26: 18
A27: 19 | B27: 2549 | C27: 1.05 | D27: 192 | F27: 19 | G27: 885 | H27: 0.38 | I27: 66 | K27: 19
A28: 20 | B28: 5161 | C28: 1.15 | D28: 211 | F28: 20 | K28: 20
A29: 21 | B29: 10478 | C29: 1.25 | D29: 231 | F29: 21 | G29: 3917 | H29: 0.45 | I29: 79 | K29: 21 | L29: 3426 | M29: 0.398 | N29: 66
A30: 22 | B30: 21157 | C30: 1.38 | D30: 259 | F30: 22 | G30: 7992 | H30: 0.5 | I30: 88 | K30: 22
A31: 23 | B31: 42867 | C31: 1.48 | D31: 281 | F31: 23 | K31: 23
A32: 24 | B32: 86858 | C32: 1.6 | D32: 305 | F32: 24 | G32: 33770 | H32: 0.58 | I32: 104 | K32: 24

Sheet Dory
A1: Dory
A2: variable | B2: commit time(ms) | C2: open time(ms) | D2: verify time(ms) | E2: Compressed SRS size(KB) | F2: SRS size(KB) | G2: supported_nv | H2: prover | I2: proof size
A3: 20 | B3: 9881 | C3: 3336 | D3: 25 | E3: 96 | F3: 192 | G3: 10 | H3: =B3+C3 -> 13217 | I3: 28
A4: 21 | B4: 17891 | C4: 5764 | D4: 26 | E4: 192 | F4: 384 | G4: 11 | H4: =B4+C4 -> 23655 | I4: 29.5
A5: 22 | B5: 36099 | C5: 6754 | D5: 26 | E5: 192 | F5: 384 | G5: 11 | H5: =B5+C5 -> 42853 | I5: 31
A6: 23 | B6: 65301 | C6: 11506 | D6: 28 | E6: 384 | F6: 768 | G6: 12 | H6: =B6+C6 -> 76807 | I6: 32.5
A7: 24 | B7: 130198 | C7: 13509 | D7: 28 | E7: 384 | F7: 768 | G7: 12 | H7: =B7+C7 -> 143707 | I7: 34

Sheet PolyFRIM
C1: PolyFRIM (non-zk)
A2: variable | B2: size | C2: commit time(ms) | D2: para commit (ms) | E2: prove time(ms) | F2: verify time(ms) | G2: proof size (KB) | H2: Memory (KB)
A3: 18 | C3: 537 | D3: 468.22 | E3: 3555.2 | F3: 2.0661 | G3: 223 | H3: 874284
A4: 19 | C4: 1324.7 | D4: 1162.9 | E4: 7158.8 | F4: 2.332 | G4: 257 | H4: 1714512
A5: 20 | B5: =POWER(2,A5) -> 1048576 | C5: 2783.1 | D5: 2445.9 | E5: 15094 | F5: 2.5589 | G5: 284 | H5: 3356088
A6: 21 | B6: =POWER(2,A6) -> 2097152 | C6: 5633 | D6: 5183.1 | E6: 31509 | F6: 2.8163 | G6: 325 | H6: 6640824
A7: 22 | B7: =POWER(2,A7) -> 4194304 | C7: 11381 | D7: 10504 | E7: 64291 | F7: 3.0885 | G7: 359 | H7: 13230704
A8: 23 | B8: =POWER(2,A8) -> 8388608 | C8: 22966 | D8: 21239 | E8: 136460 | F8: 3.4645 | G8: 401 | H8: 26361168
A9: 24 | B9: =POWER(2,A9) -> 16777216 | C9: can't run
A10: 25 | B10: =POWER(2,A10) -> 33554432 | C10: can't run

Sheet Orion
B1: Orion
A2: variable | B2: commit time(ms) | C2: prove time(ms) | D2: verify time(ms) | E2: proof size(B) | F2: proof size(KB) | G2: Memory(KB)
A3: 18 | B3: 86.3 | C3: 90.81 | D3: 31.1 | E3: 6483680 | F3: =E3/1000 -> 6483.68 | G3: 57348
A4: 19 | B4: 173.5 | C4: 152.8 | D4: 38.2 | E4: 6644192 | F4: =E4/1000 -> 6644.192 | G4: =G3*1.9 -> 108961.2
A5: 20 | B5: 363.735 | C5: 293.9 | D5: 49.15 | E5: 6829200 | F5: =E5/1000 -> 6829.2 | G5: =G4*1.9 -> 207026.28
A6: 21 | B6: 862.1 | C6: 532.5 | D6: 54.6 | E6: 7017904 | F6: =E6/1000 -> 7017.904 | G6: =G5*1.9 -> 393349.93
A7: 22 | B7: 1929.4 | C7: 1085.5 | D7: 60.1 | E7: 7214832 | F7: =E7/1000 -> 7214.832 | G7: 756784
A8: 23 | B8: 4045.5 | C8: 2228.5 | D8: 65.4 | E8: 7408192 | F8: =E8/1000 -> 7408.192 | G8: 1500300
A9: 24 | B9: Can't run
A10: 25
A11: 26
A12: 27

Sheet Deepfold
B1: DeepFold
A2: variable | B2: commit time(ms) | C2: prove time(ms) | D2: verify time(ms) | E2: proof size(KB) | F2: Memory(KB) | G2: prover
A3: 18 | B3: 539.7 | C3: 1769.2 | D3: 1.2038 | E3: 122 | F3: 675976 | G3: =B3+C3 -> 2308.9
A4: 19 | B4: 1322 | C4: 3825.2 | D4: 1.3102 | E4: 137 | F4: 1282324 | G4: =B4+C4 -> 5147.2
A5: 20 | B5: 2842 | C5: 8194.7 | D5: 1.5025 | E5: 153 | F5: 2586992 | G5: =B5+C5 -> 11036.7
A6: 21 | B6: 5826 | C6: 16662 | D6: 1.579 | E6: 169 | F6: 5070956 | G6: =B6+C6 -> 22488
A7: 22 | B7: 11571 | C7: 33785 | D7: 1.8425 | E7: 194 | F7: 9903068 | G7: =B7+C7 -> 45356
A8: 23 | B8: 23793 | C8: 69762 | D8: 1.9023 | E8: 213 | F8: 19740168 | G8: =B8+C8 -> 93555
A9: 24 | B9: can not
A10: 25 | B10: can not

Sheet SNARK
C1: HyperPlonk PIOP time | H1: PIP-SNARK time | M1: DeepFold-SNARK time | Q1: Orion-SNARK time
A2: variable | B2: size | C2: Prover time(ms) | D2: Verifier time (ms) | E2: proof size (KB) | H2: Prover time(ms) | I2: Verifier time (ms) | J2: proof size (KB) | M2: Prover time(ms) | N2: Verifier time (ms) | O2: proof size (KB) | Q2: Prover time(ms) | R2: Verifier time (ms) | S2: proof size (KB)
A3: 18 | B3: =POWER(2, A3) -> 262144 | C3: 2670 | D3: 2.67 | E3: 58 | H3: =C3+3*PIP_FRI!C3+PIP_FRI!G3 -> 3095.183 | I3: =D3+PIP_FRI!H3 -> 3.8073 | J3: =E3+PIP_FRI!I3 -> 172 | M3: =C3+3*Deepfold!B3+Deepfold!C3 -> 6058.3 | N3: =D3+Deepfold!D3 -> 3.8738 | O3: =E3+Deepfold!E3 -> 180 | Q3: =C3+Orion!B3*3+Orion!C3 -> 3019.71 | R3: =D3+Orion!D3 -> 33.77 | S3: =I3+Orion!F3 -> 6487.4873
A4: 19 | B4: =POWER(2, A4) -> 524288 | C4: 5490 | D4: 3.02 | E4: 64 | H4: =C4+3*PIP_FRI!C4+PIP_FRI!G4 -> 6345.51 | I4: =D4+PIP_FRI!H4 -> 4.3023 | J4: =E4+PIP_FRI!I4 -> 195 | M4: =C4+3*Deepfold!B4+Deepfold!C4 -> 13281.2 | N4: =D4+Deepfold!D4 -> 4.3302 | O4: =E4+Deepfold!E4 -> 201 | Q4: =C4+Orion!B4*3+Orion!C4 -> 6163.3 | R4: =D4+Orion!D4 -> 41.22 | S4: =I4+Orion!F4 -> 6648.4943
A5: 20 | B5: =POWER(2, A5) -> 1048576 | C5: 11114 | D5: 3.14 | E5: 69.536 | H5: =C5+3*PIP_FRI!C5+PIP_FRI!G5 -> 12992 | I5: =D5+PIP_FRI!H5 -> 4.7024 | J5: =E5+PIP_FRI!I5 -> 225.536 | M5: =C5+3*Deepfold!B5+Deepfold!C5 -> 27834.7 | N5: =D5+Deepfold!D5 -> 4.6425 | O5: =E5+Deepfold!E5 -> 222.536 | Q5: =C5+Orion!B5*3+Orion!C5 -> 12499.105 | R5: =D5+Orion!D5 -> 52.29 | S5: =I5+Orion!F5 -> 6833.9024
A6: 21 | B6: =POWER(2, A6) -> 2097152 | C6: 22569 | D6: 3.41 | E6: 75.648 | H6: =C6+3*PIP_FRI!C6+PIP_FRI!G6 -> 26423.33 | I6: =D6+PIP_FRI!H6 -> 5.1056 | J6: =E6+PIP_FRI!I6 -> 251.648 | M6: =C6+3*Deepfold!B6+Deepfold!C6 -> 56709 | N6: =D6+Deepfold!D6 -> 4.989 | O6: =E6+Deepfold!E6 -> 244.648 | Q6: =C6+Orion!B6*3+Orion!C6 -> 25687.8 | R6: =D6+Orion!D6 -> 58.01 | S6: =I6+Orion!F6 -> 7023.0096
A7: 22 | B7: =POWER(2, A7) -> 4194304 | C7: 44776 | D7: 3.69 | E7: 82.016 | H7: =C7+3*PIP_FRI!C7+PIP_FRI!G7 -> 52744.59 | I7: =D7+PIP_FRI!H7 -> 5.5622 | J7: =E7+PIP_FRI!I7 -> 278.016 | M7: =C7+3*Deepfold!B7+Deepfold!C7 -> 113274 | N7: =D7+Deepfold!D7 -> 5.5325 | O7: =E7+Deepfold!E7 -> 276.016 | Q7: =C7+Orion!B7*3+Orion!C7 -> 51649.7 | R7: =D7+Orion!D7 -> 63.79 | S7: =I7+Orion!F7 -> 7220.3942
A8: 23 | B8: =POWER(2, A8) -> 8388608 | C8: 89577 | D8: 4.003 | E8: 88.64 | H8: =C8+3*PIP_FRI!C8+PIP_FRI!G8 -> 105828.3 | I8: =D8+PIP_FRI!H8 -> 6.0874 | J8: =E8+PIP_FRI!I8 -> 316.64 | M8: =C8+3*Deepfold!B8+Deepfold!C8 -> 230718 | N8: =D8+Deepfold!D8 -> 5.9053 | O8: =E8+Deepfold!E8 -> 301.64 | Q8: =C8+Orion!B8*3+Orion!C8 -> 103942 | R8: =D8+Orion!D8 -> 69.403 | S8: =I8+Orion!F8 -> 7414.2794
C12: Spartan PIOP time | H12: PIP-SNARK time | M12: DeepFold-SNARK time | Q12: Orion-SNARK time
A13: variable | B13: size | C13: Prover time(ms) | D13: Verifier time (ms) | E13: proof size (KB) | H13: Prover time(ms) | I13: Verifier time (ms) | J13: proof size (KB) | M13: Prover time(ms) | N13: Verifier time (ms) | O13: proof size (KB) | Q13: Prover time(ms) | R13: Verifier time (ms) | S13: proof size (KB)
A14: 18 | B14: =POWER(2, A14) -> 262144 | C14: 100.42 | D14: 74.21 | E14: 2.456 | H14: =C14+PIP_FRI!C3+PIP_FRI!G3 -> 279.043 | I14: =D14+PIP_FRI!H3 -> 75.3473 | J14: =E14+PIP_FRI!I3 -> 116.456 | M14: =C14+Deepfold!B3+Deepfold!C3 -> 2409.32 | N14: =D14+Deepfold!D3 -> 75.4138 | O14: =E14+Deepfold!E3 -> 124.456 | Q14: =C14+Orion!B3+Orion!C3 -> 277.53 | R14: =H14+Orion!D3 -> 310.143 | S14: =I14+Orion!F3 -> 6559.0273
A15: 19 | B15: =POWER(2, A15) -> 524288 | C15: 206 | D15: 155.57 | E15: 2.584 | H15: =C15+PIP_FRI!C4+PIP_FRI!G4 -> 566.99 | I15: =D15+PIP_FRI!H4 -> 156.8523 | J15: =E15+PIP_FRI!I4 -> 133.584 | M15: =C15+Deepfold!B4+Deepfold!C4 -> 5353.2 | N15: =D15+Deepfold!D4 -> 156.8802 | O15: =E15+Deepfold!E4 -> 139.584 | Q15: =C15+Orion!B4+Orion!C4 -> 532.3 | R15: =H15+Orion!D4 -> 605.19 | S15: =I15+Orion!F4 -> 6801.0443
A16: 20 | B16: =POWER(2, A16) -> 1048576 | C16: 417.2 | D16: 323.38 | E16: 2.712 | H16: =C16+PIP_FRI!C5+PIP_FRI!G5 -> 1197.2 | I16: =D16+PIP_FRI!H5 -> 324.9424 | J16: =E16+PIP_FRI!I5 -> 158.712 | M16: =C16+Deepfold!B5+Deepfold!C5 -> 11453.9 | N16: =D16+Deepfold!D5 -> 324.8825 | O16: =E16+Deepfold!E5 -> 155.712 | Q16: =C16+Orion!B5+Orion!C5 -> 1074.835 | R16: =H16+Orion!D5 -> 1246.35 | S16: =I16+Orion!F5 -> 7154.1424
A17: 21 | B17: =POWER(2, A17) -> 2097152 | C17: 837.35 | D17: 665.45 | E17: 2.84 | H17: =C17+PIP_FRI!C6+PIP_FRI!G6 -> 2430.68 | I17: =D17+PIP_FRI!H6 -> 667.1456 | J17: =E17+PIP_FRI!I6 -> 178.84 | M17: =C17+Deepfold!B6+Deepfold!C6 -> 23325.35 | N17: =D17+Deepfold!D6 -> 667.029 | O17: =E17+Deepfold!E6 -> 171.84 | Q17: =C17+Orion!B6+Orion!C6 -> 2231.95 | R17: =H17+Orion!D6 -> 2485.28 | S17: =I17+Orion!F6 -> 7685.0496
A18: 22 | B18: =POWER(2, A18) -> 4194304 | C18: 1616 | D18: 1371 | E18: 2.97 | H18: =C18+PIP_FRI!C7+PIP_FRI!G7 -> 4896.59 | I18: =D18+PIP_FRI!H7 -> 1372.8722 | J18: =E18+PIP_FRI!I7 -> 198.97 | M18: =C18+Deepfold!B7+Deepfold!C7 -> 46972 | N18: =D18+Deepfold!D7 -> 1372.8425 | O18: =E18+Deepfold!E7 -> 196.97 | Q18: =C18+Orion!B7+Orion!C7 -> 4630.9 | R18: =H18+Orion!D7 -> 4956.69 | S18: =I18+Orion!F7 -> 8587.7042
A19: 23 | B19: =POWER(2, A19) -> 8388608 | C19: 3363 | D19: 2824 | E19: 3.096 | H19: =C19+PIP_FRI!C8+PIP_FRI!G8 -> 10010.9 | I19: =D19+PIP_FRI!H8 -> 2826.0844 | J19: =E19+PIP_FRI!I8 -> 231.096 | M19: =C19+Deepfold!B8+Deepfold!C8 -> 96918 | N19: =D19+Deepfold!D8 -> 2825.9023 | O19: =E19+Deepfold!E8 -> 216.096 | Q19: =C19+Orion!B8+Orion!C8 -> 9637 | R19: =H19+Orion!D8 -> 10076.3 | S19: =I19+Orion!F8 -> 10234.276

Sheet de_pip_fri
C1: namefri (poly_num *4, rate = 1/8) | J1: 8 prover | L1: de namefri (poly_num *4, rate = 1/8)
A2: variable | B2: poly_num | C2: commit time(ms) | D2: open time(ms) | E2: verify time(ms) | F2: proof size(KB) | G2: prover | H2: communication | J2: variable | K2: poly_num | L2: commit time(ms) | M2: open time(ms) | N2: verify time(ms) | O2: proof size(KB) | P2: prover | Q2: Total commu (KB)
A3: 18 | B3: 64 | C3: 206 | D3: 83 | E3: 1.74 | F3: 114 | G3: =C3+D3 -> 289 | J3: 18 | K3: 64 | L3: 24.88 | M3: 15.8 | N3: 1.801 | O3: 114 | P3: =L3+M3 -> 40.68 | Q3: 15016
A4: 19 | B4: 64 | C4: 417 | D4: 161 | E4: 1.907 | F4: 131 | G4: =C4+D4 -> 578 | J4: 19 | K4: 64 | L4: 54.5 | M4: 26.5 | N4: 2.051 | O4: 133 | P4: =L4+M4 -> 81 | Q4: 29908
A5: 20 | B5: 64 | C5: 876 | D5: 325 | E5: 2.18 | F5: 156 | G5: =C5+D5 -> 1201 | J5: 20 | K5: 64 | L5: 110.5 | M5: 47.4 | N5: 2.316 | O5: 154 | P5: =L5+M5 -> 157.9 | Q5: 59681
A6: 21 | B6: 64 | C6: 1828 | D6: 654 | E6: 2.39 | F6: 176 | G6: =C6+D6 -> 2482 | J6: 21 | K6: 64 | L6: 226.5 | M6: 99.85 | N6: 2.6 | O6: 177 | P6: =L6+M6 -> 326.35 | Q6: 119203
A7: 22 | B7: 64 | C7: 3760 | D7: 1321 | E7: 2.58 | F7: 198 | G7: =C7+D7 -> 5081 | J7: 22 | K7: 64 | L7: 494.7 | M7: 172.1 | N7: 2.906 | O7: 203 | P7: =L7+M7 -> 666.8 | Q7: 238230 | R7: =Q7/8/1000 -> 29.77875
J8: 24 | R8: =Q7*4/8 -> 119115
A10: 2 prover | C10: de namefri (poly_num *4, rate = 1/8) | J10: 16 prover | L10: de namefri (poly_num *4, rate = 1/8)
A11: variable | B11: poly_num | C11: commit time(ms) | D11: open time(ms) | E11: verify time(ms) | F11: proof size(KB) | G11: prover | H11: total commu (KB) | J11: variable | K11: poly_num | L11: commit time(ms) | M11: open time(ms) | N11: verify time(ms) | O11: proof size(KB) | P11: prover | Q11: Total commu (KB) | R11: commit com | S11: open com
A12: 18 | B12: 64 | C12: 101.5 | D12: 44.62 | E12: 1.801 | F12: 114 | G12: =C12+D12 -> 146.12 | H12: 8567 | J12: 18 | K12: 64 | L12: 20 | M12: 13 | N12: 1.801 | O12: 114 | P12: =L12+M12 -> 33 | Q12: 16121 | R12: 15030 | S12: =Q12-R12 -> 1091
A13: 19 | B13: 64 | C13: 210 | D13: 86 | E13: 2.045 | F13: 133 | G13: =C13+D13 -> 296 | H13: 17076 | J13: 19 | K13: 64 | L13: 43 | M13: 20 | N13: 2.082 | O13: 126 | P13: =L13+M13 -> 63 | Q13: 32080 | R13: 30030 | S13: =Q13-R13 -> 2050
A14: 20 | B14: 64 | C14: 438 | D14: 168 | E14: 2.32 | F14: 156 | G14: =C14+D14 -> 606 | H14: 34087 | J14: 20 | K14: 64 | L14: 86 | M14: 22.8 | N14: 2.514 | O14: 150 | P14: =L14+M14 -> 108.8 | Q14: 63981 | R14: 60030 | S14: =Q14-R14 -> 3951
A15: 21 | B15: 64 | C15: 925 | D15: 334 | E15: 2.6 | F15: 176 | G15: =C15+D15 -> 1259 | H15: 69098 | J15: 21 | K15: 64 | L15: 159 | M15: 53.8 | N15: 2.683 | O15: 173 | P15: =L15+M15 -> 212.8 | Q15: 127753 | R15: 120030 | S15: =Q15-R15 -> 7723
A16: 22 | B16: 64 | C16: 1938 | D16: 669 | E16: 2.86 | F16: 202 | G16: =C16+D16 -> 2607 | H16: 136109 | J16: 22 | K16: 64 | L16: 297 | M16: 92 | N16: 2.909 | O16: 198 | P16: =L16+M16 -> 389 | Q16: 255282 | R16: 240030 | S16: =Q16-R16 -> 15252
J17: 23 | L17: 562 | M17: 177 | N17: 3.2 | O17: 220 | P17: =L17+M17 -> 739 | Q17: =31010*16 -> 496160 | R17: =Q17-S17 -> 465890 | S17: 30270
A19: 4 prover | C19: de namefri (poly_num *4, rate = 1/8)
A20: variable | B20: poly_num | C20: commit time(ms) | D20: open time(ms) | E20: verify time(ms) | F20: proof size(KB) | G20: prover | H20: Total amorzed commu (KB) | I20: commt commu | J20: open commu | K20: amortized communication
A21: 18 | B21: 64 | C21: 49.9 | D21: 25 | E21: 1.801 | F21: 114 | G21: =C21+D21 -> 74.9 | H21: 12857 | I21: 12006 | J21: 851 | K21: =H21/4 -> 3214.25
A22: 19 | B22: 64 | C22: 107 | D22: 45.8 | E22: 2.04 | F22: 133 | G22: =C22+D22 -> 152.8 | H22: 25627 | I22: 24006 | J22: 1621 | K22: =H22/4 -> 6406.75
A23: 20 | B23: 64 | C23: 215 | D23: 87 | E23: 2.31 | F23: 154 | G23: =C23+D23 -> 302 | H23: 51134 | I23: 48006 | J23: 3128 | K23: =H23/4 -> 12783.5
A24: 21 | B24: 64 | C24: 452 | D24: 169 | E24: 2.6 | F24: 176 | G24: =C24+D24 -> 621 | H24: 102151 | I24: 96006 | J24: 6145 | K24: =H24/4 -> 25537.75
A25: 22 | B25: 64 | C25: 974 | D25: 336 | E25: 2.89 | F25: 203 | G25: =C25+D25 -> 1310 | H25: 204179 | I25: 192006 | J25: 12173 | K25: =H25/4 -> 51044.75
A26: 23 | C26: 2020 | D26: 681 | E26: 3.2 | F26: 224 | G26: =C26+D26 -> 2701 | H26: 408201 | I26: =H26-J26 -> 384011 | J26: 24190 | K26: =H26/4 -> 102050.25
C30: Virgo
A31: variable | B31: size | C31: commit time(ms) | D31: prover time (ms) | E31: GKR prover time (ms) | F31: total prover time (ms) | G31: verify time(ms) | H31: GKR verifier time(ms) | I31: total verify time(ms) | J31: proof size (KB) | K31: GKR proof size | L31: total proof size (kB)
A32: 18 | B32: =POWER(2, A32) -> 262144 | C32: 544 | D32: 4207 | E32: 2590 | F32: =D32+E32 -> 6797 | G32: 1.2319 | H32: 0.231 | I32: =G32+H32 -> 1.4629 | J32: 135 | K32: 41.328 | L32: =J32+K32 -> 176.328
A33: 19 | B33: =POWER(2, A33) -> 524288 | C33: 1363.5 | D33: 9061 | E33: 5316.2 | F33: =D33+E33 -> 14377.2 | G33: 1.3699 | H33: 0.2545 | I33: =G33+H33 -> 1.6244 | J33: 154 | K33: 45.888 | L33: =J33+K33 -> 199.888
A34: 20 | B34: =POWER(2, A34) -> 1048576 | C34: 2945.5 | D34: 18635 | E34: 10805 | F34: =D34+E34 -> 29440 | G34: 1.4719 | H34: 0.2678 | I34: =G34+H34 -> 1.7397 | J34: 169 | K34: 50.688 | L34: =J34+K34 -> 219.688
A35: 21 | B35: =POWER(2, A35) -> 2097152 | C35: 6167.3 | D35: 38658 | E35: 22387 | F35: =D35+E35 -> 61045 | G35: 1.6425 | H35: 0.291 | I35: =G35+H35 -> 1.9335 | J35: 192 | K35: 55.728 | L35: =J35+K35 -> 247.728
A36: 22 | B36: =POWER(2, A36) -> 4194304 | C36: 12436 | D36: 77752 | E36: 45581 | F36: =D36+E36 -> 123333 | G36: 1.8047 | H36: 0.305 | I36: =G36+H36 -> 2.1097 | J36: 213 | K36: 61.008 | L36: =J36+K36 -> 274.008
A37: 23 | B37: =POWER(2, A37) -> 8388608 | C37: 24663 | E37: Can't run
A38: 24 | B38: =POWER(2, A38) -> 16777216 | C38: 50293
A39: 25 | B39: =POWER(2, A39) -> 33554432 | C39: Can't run

Sheet de_dory
A1: 2 prover | C1: dedory | K1: 8 prover | M1: dedory
A2: variable | B2: srs | C2: commit time(ms) | D2: open time(ms) | E2: verify time(ms) | F2: proof size(KB) | G2: prover | H2: total commu (KB) | K2: variable | L2: srs | M2: commit time(ms) | N2: open time(ms) | O2: verify time(ms) | P2: proof size(KB) | Q2: prover | R2: total commu (KB)
A3: 18 | B3: 304 | C3: 245 | D3: 643 | E3: 32 | F3: 44 | G3: 888 | H3: 41 | K3: 18 | L3: 608 | M3: 355 | N3: 921 | O3: 37 | P3: 48 | Q3: 1276 | R3: 256
A4: 19 | B4: 304 | C4: 465 | D4: 851 | E4: 34 | F4: 44 | G4: 1316 | H4: 41 | K4: 19 | L4: 608 | M4: 571 | N4: 997 | O4: 36 | P4: 48 | Q4: 1568 | R4: 256
A5: 20 | B5: 608 | C5: 704 | D5: 1137 | E5: 36 | F5: 48 | G5: 1841 | H5: 45 | K5: 20 | L5: 1216 | M5: 869 | N5: 1449 | O5: 39 | P5: 52 | Q5: 2318 | R5: 286
A6: 21 | B6: 608 | C6: 1397 | D6: 1558 | E6: 40 | F6: 48 | G6: 2955 | H6: 45 | K6: 21 | L6: 1216 | M6: 1649 | N6: 1676 | O6: 40 | P6: 52 | Q6: 3325 | R6: 286
A7: 22 | B7: 1216 | C7: 2363 | D7: 2166 | E7: 49 | F7: 52 | G7: 4529 | H7: 49 | K7: 22 | L7: 2432 | M7: 2624 | N7: 2330 | O7: 49 | P7: 56 | Q7: 4954 | R7: 316
A10: 4 prover | C10: dedory | K10: 16 prover | M10: dedory
A11: variable | B11: srs | C11: commit time(ms) | D11: open time(ms) | E11: verify time(ms) | F11: proof size(KB) | G11: prover | H11: total commu (KB) | K11: variable | L11: srs | M11: commit time(ms) | N11: open time(ms) | O11: verify time(ms) | P11: proof size(KB) | Q11: prover | R11: total commu (KB)
A12: 18 | B12: 304 | C12: 289 | D12: 633 | E12: 38 | F12: 45.2 | G12: 922 | H12: 110 | K12: 18 | L12: 608 | M12: 497 | N12: 1242 | O12: 36 | P12: 48 | Q12: 1739 | R12: 485
A13: 19 | B13: 608 | C13: 438 | D13: 909 | E13: 39 | F13: 48 | G13: 1347 | H13: 123 | K13: 19 | L13: 1216 | M13: 789 | N13: 1689 | O13: 40 | P13: 52 | Q13: 2478 | R13: 549
A14: 20 | B14: 608 | C14: 818 | D14: 1082 | E14: 35 | F14: 48 | G14: 1900 | H14: 123 | K14: 20 | L14: 1216 | M14: 1155 | N14: 1789 | O14: 37 | P14: 52 | Q14: 2944 | R14: 549
A15: 21 | B15: 1216 | C15: 1313 | D15: 1501 | E15: 38 | F15: 52 | G15: 2814 | H15: 135 | K15: 21 | L15: 2432 | M15: 1717 | N15: 2524 | O15: 42 | P15: 56 | Q15: 4241 | R15: 614
A16: 22 | B16: 1216 | C16: 2621 | D16: 1924 | E16: 37 | F16: 52 | G16: 4545 | H16: 135 | K16: 22 | L16: 2432 | M16: 3625 | N16: 2818 | O16: 46 | P16: 56 | Q16: 6443 | R16: 614

Sheet de_demkzg
A1: 2 prover | C1: demkzg | K1: 8 prover | M1: demkzg
A2: variable | B2: SRS | C2: commit time(ms) | D2: open time(ms) | E2: verify time(ms) | F2: proof size(KB) | G2: prover | H2: comm (Bytes) | I2: amortized (KB) | K2: variable | L2: srs (KB) | M2: commit time(ms) | N2: open time(ms) | O2: verify time(ms) | P2: proof size(KB) | Q2: prover | R2: total comm | S2: amortized
A3: 18 | B3: 26624 | C3: 2772 | D3: 2970 | E3: 18 | F3: 1.872 | G3: =C3+D3 -> 5742 | H3: 3740 | I3: =H3/2/1024 -> 1.8261719 | K3: 18 | L3: 26624 | M3: 738 | N3: 862 | O3: 18 | P3: 1.872 | Q3: =M3+N3 -> 1600 | R3: 57920 | S3: =R3/5/1024/8 -> 1.4140625
A4: 19 | B4: 53248 | C4: 5235 | D4: 5740 | E4: 19 | F4: 1.976 | G4: =C4+D4 -> 10975 | H4: 3932 | I4: =H4/2/1024 -> 1.9199219 | K4: 19 | L4: 53248 | M4: 1382 | N4: 1603 | O4: 19 | P4: 1.976 | Q4: =M4+N4 -> 2985 | R4: 61280 | S4: =R4/5/1024/8 -> 1.4960938
A5: 20 | B5: 106496 | C5: 9901 | D5: 10957 | E5: 20 | F5: 2.08 | G5: =C5+D5 -> 20858 | H5: 4124 | I5: =H5/2/1024 -> 2.0136719 | K5: 20 | L5: 106496 | M5: 2778 | N5: 2970 | O5: 20 | P5: 2.08 | Q5: =M5+N5 -> 5748 | R5: 64640 | S5: =R5/5/1024/8 -> 1.578125
A6: 21 | B6: 212992 | C6: 16223 | D6: 20789 | E6: 20 | F6: 2.184 | G6: =C6+D6 -> 37012 | H6: 4316 | I6: =H6/2/1024 -> 2.1074219 | K6: 21 | L6: 212992 | M6: 5256 | N6: 5746 | O6: 20 | P6: 2.184 | Q6: =M6+N6 -> 11002 | R6: 68000 | S6: =R6/5/1024/8 -> 1.6601562
A7: 22 | B7: 425984 | C7: 29487 | D7: 37067 | E7: 21 | F7: 2.288 | G7: =C7+D7 -> 66554 | H7: 4508 | I7: =H7/2/1024 -> 2.2011719 | K7: 22 | L7: 425984 | M7: 9976 | N7: 10990 | O7: 21 | P7: 2.288 | Q7: =M7+N7 -> 20966 | R7: 71360 | S7: =R7/5/1024/8 -> 1.7421875
A10: 4 prover | C10: demkzg | K10: 16 prover | M10: demkzg
A11: variable | B11: srs (KB) | C11: commit time(ms) | D11: open time(ms) | E11: verify time(ms) | F11: proof size(KB) | G11: prover | H11: total comm (Bytes) | I11: amortized commu | K11: variable | L11: srs (KB) | M11: commit time(ms) | N11: open time(ms) | O11: verify time(ms) | P11: proof size(KB) | Q11: prover | R11: comm | S11: amortized
A12: 18 | B12: 26624 | C12: 1359 | D12: 1602 | E12: 18 | F12: 1.872 | G12: =C12+D12 -> 2961 | H12: 26340 | I12: =H12/5/1024/4 -> 1.2861328 | K12: 18 | L12: 26624 | M12: 383 | N12: 487 | O12: 18 | P12: 1.872 | Q12: =M12+N12 -> 870 | R12: 116760 | S12: =R12/5/1024 -> 22.804688
A13: 19 | B13: 53248 | C13: 2777 | D13: 2970 | E13: 19 | F13: 1.976 | G13: =C13+D13 -> 5747 | H13: 27780 | I13: =H13/5/1024 -> 5.4257812 | K13: 19 | L13: 53248 | M13: 748 | N13: 866 | O13: 19 | P13: 1.976 | Q13: =M13+N13 -> 1614 | R13: 123960 | S13: =R13/5/1024 -> 24.210938
A14: 20 | B14: 106496 | C14: 5251 | D14: 5742 | E14: 20 | F14: 2.08 | G14: =C14+D14 -> 10993 | H14: 29220 | I14: =H14/5/1024 -> 5.7070312 | K14: 20 | L14: 106496 | M14: 1391 | N14: 1605 | O14: 20 | P14: 2.08 | Q14: =M14+N14 -> 2996 | R14: 131160 | S14: =R14/5/1024 -> 25.617188
A15: 21 | B15: 212992 | C15: 10000 | D15: 10982 | E15: 20 | F15: 2.18 | G15: =C15+D15 -> 20982 | H15: 30660 | I15: =H15/5/1024 -> 5.9882812 | K15: 21 | L15: 212992 | M15: 3472 | N15: 3002 | O15: 20 | P15: 2.184 | Q15: =M15+N15 -> 6474 | R15: 138360 | S15: =R15/5/1024 -> 27.023438
A16: 22 | B16: 425984 | C16: 16736 | D16: 20876 | E16: 21 | F16: 2.288 | G16: =C16+D16 -> 37612 | H16: 32100 | I16: =H16/5/1024 -> 6.2695312 | K16: 22 | L16: 425984 | M16: 8566 | N16: 5757 | O16: 21 | P16: 2.288 | Q16: =M16+N16 -> 14323 | R16: 145560 | S16: =R16/5/1024 -> 28.429688
A17: 23 | B17: 851968

Sheet de_snark
A1: parties | B1: total_nv | C1: gate | D1: Prove-total-time | E1: Prove-total-commu | F1: Prove-pcs-time | G1: Prove-pcs-commu | H1: Prove-piop-time | I1: Prove-piop-commu | J1: Verify-total-time | K1: Verify-pcs-time | L1: Verify-piop-time | M1: Prove-newpcs-time | N1: Prove-newpcs-commu | O1: Prove-new-total | P1: Prove-new-commu | Q1: Verify | R1: Prove-new-amortize-commu | S1: PIOP proof
F2: commit 4 polys + open 1 poly | J2: open 1 poly
A3: 16 | B3: 18 | C3: vanilla | D3: 1337 | E3: 200.60156 | F3: =570+282+249 -> 1101 | G3: =3.0703125+1.078125+ 13.96875 -> 18.117188 | H3: =D3-F3 -> 236 | I3: =E3-G3 -> 182.48438 | J3: 14.086 | K3: 13.727 | L3: =J3-K3 -> 0.359 | M3: =de_pip_fri!L12*3+de_pip_fri!M12 -> 73 | N3: =de_pip_fri!R12*3+de_pip_fri!S12 -> 46181 | O3: =M3+H3 -> 309 | P3: =N3+I3 -> 46363.484 | Q3: =L3+de_pip_fri!N12 -> 2.16 | R3: =P3/16 -> 2897.7178
A4: 16 | B4: 19 | C4: vanilla | D4: 2424 | E4: 213.53906 | F4: =1135+387+442 -> 1964 | G4: =3.0703125+1.078125+14.90625 -> 19.054688 | H4: =D4-F4 -> 460 | I4: =E4-G4 -> 194.48438 | J4: 14.507 | K4: 14.139 | L4: =J4-K4 -> 0.368 | M4: =de_pip_fri!L13*3+de_pip_fri!M13 -> 149 | N4: =de_pip_fri!R13*3+de_pip_fri!S13 -> 92140 | O4: =M4+H4 -> 609 | P4: =N4+I4 -> 92334.484 | Q4: =L4+de_pip_fri!N13 -> 2.45 | R4: =P4/16 -> 5770.9053
A5: 16 | B5: 20 | C5: vanilla | D5: 4490 | E5: 226.47656 | F5: =2058+713+822 -> 3593 | G5: =3.0703125+1.078125+15.84375 -> 19.992188 | H5: =D5-F5 -> 897 | I5: =E5-G5 -> 206.48438 | J5: 14.919 | K5: 14.57 | L5: =J5-K5 -> 0.349 | M5: =de_pip_fri!L14*3+de_pip_fri!M14 -> 280.8 | N5: =de_pip_fri!R14*3+de_pip_fri!S14 -> 184041 | O5: =M5+H5 -> 1177.8 | P5: =N5+I5 -> 184247.48 | Q5: =L5+de_pip_fri!N14 -> 2.863 | R5: =P5/16 -> 11515.468
A6: 16 | B6: 21 | C6: vanilla | D6: 9224 | E6: 239.41406 | F6: =4406+1528+1509 -> 7443 | G6: =3.0703125+1.078125 +16.78125 -> 20.929688 | H6: =D6-F6 -> 1781 | I6: =E6-G6 -> 218.48438 | J6: 15.604 | K6: 15.203 | L6: =J6-K6 -> 0.401 | M6: =de_pip_fri!L15*3+de_pip_fri!M15 -> 530.8 | N6: =de_pip_fri!R15*3+de_pip_fri!S15 -> 367813 | O6: =M6+H6 -> 2311.8 | P6: =N6+I6 -> 368031.48 | Q6: =L6+de_pip_fri!N15 -> 3.084 | R6: =P6/16 -> 23001.968
A7: 16 | B7: 22 | C7: vanilla | D7: 18200 | E7: 252.35156 | F7: =7995+2750+2921 -> 13666 | G7: =3.0703125+1.078125+17.71875 -> 21.867188 | H7: =D7-F7 -> 4534 | I7: =E7-G7 -> 230.48438 | J7: 17.278 | K7: 16.893 | L7: =J7-K7 -> 0.385 | M7: =de_pip_fri!L16*3+de_pip_fri!M16 -> 983 | N7: =de_pip_fri!R16*3+de_pip_fri!S16 -> 735342 | O7: =M7+H7 -> 5517 | P7: =N7+I7 -> 735572.48 | Q7: =L7+de_pip_fri!N16 -> 3.294 | R7: =P7/16 -> 45973.28 | S7: =10.7-de_demkzg!P16 -> 8.412
A8: 16 | B8: 23 | C8: vanilla | D8: =F8+H8 -> 33866 | E8: =E7+12.9 -> 265.25156 | F8: =13666*2 -> 27332 | G8: =G7+0.96 -> 22.827188 | H8: =3267*2 -> 6534 | I8: =I7+12 -> 242.48438 | J8: =J7+1.2 -> 18.478 | K8: =K7+1.2 -> 18.093 | L8: =J8-K8 -> 0.385 | M8: =de_pip_fri!L17*3+de_pip_fri!M17 -> 1863 | N8: =de_pip_fri!R17*3+de_pip_fri!S17 -> 1427940 | O8: =M8+H8 -> 8397 | P8: =N8+I8 -> 1428182.5 | Q8: =L8+de_pip_fri!N17 -> 3.585 | R8: =P8/16 -> 89261.405 | S8: =S7+0.4 -> 8.812
A9: 8 | B9: 18 | C9: vanilla | H9: =D9-F9 -> 0 | I9: =E9-G9 -> 0 | L9: =J9-K9 -> 0
A10: 8 | B10: 19 | C10: vanilla | H10: =D10-F10 -> 0 | I10: =E10-G10 -> 0 | L10: =J10-K10 -> 0
A11: 8 | B11: 20 | C11: vanilla | H11: =D11-F11 -> 0 | I11: =E11-G11 -> 0 | L11: =J11-K11 -> 0
A12: 8 | B12: 21 | C12: vanilla | H12: =D12-F12 -> 0 | I12: =E12-G12 -> 0 | L12: =J12-K12 -> 0
A13: 8 | B13: 22 | C13: vanilla | H13: =D13-F13 -> 0 | I13: =E13-G13 -> 0 | L13: =J13-K13 -> 0
A14: 4 | B14: 18 | C14: vanilla | D14: 4440 | E14: 45.56 | F14: =2050+712+813 -> 3575 | G14: =0.62+0.22+3.17 -> 4.01 | H14: =D14-F14 -> 865 | I14: =E14-G14 -> 41.55 | J14: 13.573 | K14: 13.383 | L14: =J14-K14 -> 0.19 | M14: =de_pip_fri!C21*3+de_pip_fri!D21 -> 174.7 | N14: =de_pip_fri!I21*3+de_pip_fri!J21 -> 36869 | O14: =H14+M14 -> 1039.7 | P14: =I14+N14 -> 36910.55 | Q14: =L14+de_pip_fri!E21 -> 1.991 | R14: =P14/4 -> 9227.6375
A15: 4 | B15: 19 | C15: vanilla | D15: 8854 | E15: 48.164062 | F15: =4158+1451+1498 -> 7107 | G15: =0.62109375+0.22265625+3.36328125 -> 4.2070312 | H15: =D15-F15 -> 1747 | I15: =E15-G15 -> 43.957031 | J15: 14.2 | K15: 13.946 | L15: =J15-K15 -> 0.254 | M15: =de_pip_fri!C22*3+de_pip_fri!D22 -> 366.8 | N15: =de_pip_fri!I22*3+de_pip_fri!J22 -> 73639 | O15: =H15+M15 -> 2113.8 | P15: =I15+N15 -> 73682.957 | Q15: =L15+de_pip_fri!E22 -> 2.294 | R15: =P15/4 -> 18420.739
A16: 4 | B16: 20 | C16: vanilla | D16: 16637 | E16: 50.765625 | F16: =7805+2681+2896 -> 13382 | G16: =0.62109375+0.22265625+3.55078125 -> 4.3945312 | H16: =D16-F16 -> 3255 | I16: =E16-G16 -> 46.371094 | J16: 15.118 | K16: 14.771 | L16: =J16-K16 -> 0.347 | M16: =de_pip_fri!C23*3+de_pip_fri!D23 -> 732 | N16: =de_pip_fri!I23*3+de_pip_fri!J23 -> 147146 | O16: =H16+M16 -> 3987 | P16: =I16+N16 -> 147192.37 | Q16: =L16+de_pip_fri!E23 -> 2.657 | R16: =P16/4 -> 36798.093
A17: 4 | B17: 21 | C17: vanilla | D17: 32267 | E17: 53.367188 | F17: =14739+5158+5507 -> 25404 | G17: =0.62109375+0.22265625+3.7382812 -> 4.5820312 | H17: =D17-F17 -> 6863 | I17: =E17-G17 -> 48.785156 | J17: 15.277 | K17: 14.948 | L17: =J17-K17 -> 0.329 | M17: =de_pip_fri!C24*3+de_pip_fri!D24 -> 1525 | N17: =de_pip_fri!I24*3+de_pip_fri!J24 -> 294163 | O17: =H17+M17 -> 8388 | P17: =I17+N17 -> 294211.79 | Q17: =L17+de_pip_fri!E24 -> 2.929 | R17: =P17/4 -> 73552.946
A18: 4 | B18: 22 | C18: vanilla | D18: 58408 | E18: 55.96875 | F18: =25017+ 8948+10543 -> 44508 | G18: =0.62109375 + 0.22265625+3.92578125 -> 4.7695312 | H18: =D18-F18 -> 13900 | I18: =E18-G18 -> 51.199219 | J18: 15.743 | K18: 15.398 | L18: =J18-K18 -> 0.345 | M18: =de_pip_fri!C25*3+de_pip_fri!D25 -> 3258 | N18: =de_pip_fri!I25*3+de_pip_fri!J25 -> 588191 | O18: =H18+M18 -> 17158 | P18: =I18+N18 -> 588242.2 | Q18: =L18+de_pip_fri!E25 -> 3.235 | R18: =P18/4 -> 147060.55
A19: 4 | B19: 23 | C19: vanilla | D19: =D18*2 -> 116816 | E19: =E18+2.6 -> 58.56875 | F19: =F18*2 -> 89016 | G19: =G18+0.18 -> 4.9495312 | H19: =D19-F19 -> 27800 | I19: =E19-G19 -> 53.619219 | J19: =J18+0.37 -> 16.113 | K19: =K18+0.34 -> 15.738 | L19: =J19-K19 -> 0.375 | M19: =de_pip_fri!C26*3+de_pip_fri!D26 -> 6741 | N19: =de_pip_fri!I26*3+de_pip_fri!J26 -> 1176223 | O19: =H19+M19 -> 34541 | P19: =I19+N19 -> 1176276.6 | Q19: =L19+de_pip_fri!E26 -> 3.575 | R19: =P19/4 -> 294069.15
A20: 2 | B20: 18 | C20: vanilla | H20: =D20-F20 -> 0 | I20: =E20-G20 -> 0 | L20: =J20-K20 -> 0
A21: 2 | B21: 19 | C21: vanilla | H21: =D21-F21 -> 0 | I21: =E21-G21 -> 0 | L21: =J21-K21 -> 0
A22: 2 | B22: 20 | C22: vanilla | H22: =D22-F22 -> 0 | I22: =E22-G22 -> 0 | L22: =J22-K22 -> 0
A23: 2 | B23: 21 | C23: vanilla | H23: =D23-F23 -> 0 | I23: =E23-G23 -> 0 | L23: =J23-K23 -> 0
A24: 2 | B24: 22 | C24: vanilla | H24: =D24-F24 -> 0 | I24: =E24-G24 -> 0 | L24: =J24-K24 -> 0
A27: data from Hyperpianist
